N/A,792925521,N/A,False
N/A,820684796,N/A,False
N/A,770646471,N/A,False
N/A,768076023,N/A,False
N/A,818151585,N/A,False
N/A,802235476,N/A,False
N/A,767450044,N/A,False
N/A,776597978,N/A,False
N/A,804481408,N/A,False
N/A,770724541,N/A,False
N/A,773429563,N/A,False
N/A,823097362,N/A,False
N/A,793965545,N/A,False
N/A,785783575,N/A,False
N/A,784083285,N/A,False
N/A,813974728,N/A,False
N/A,810303299,N/A,False
N/A,813412536,N/A,False
N/A,765906867,N/A,False
N/A,805220051,N/A,False
N/A,808523760,N/A,False
N/A,805455598,N/A,False
N/A,795535638,N/A,False
N/A,795242119,N/A,False
N/A,790336037,N/A,False
N/A,789190765,N/A,False
N/A,791674569,N/A,False
N/A,781897810,N/A,False
N/A,798337601,N/A,False
N/A,806727159,N/A,False
N/A,812199585,N/A,False
803813583,805596467,805596467,True
N/A,818688629,N/A,False
N/A,808052758,N/A,False
N/A,786025829,N/A,False
N/A,811967368,N/A,False
771551177,771772804,771772804,True
N/A,805147277,N/A,False
N/A,806091483,N/A,False
N/A,779724841,N/A,False
N/A,791381686,N/A,False
N/A,791740243,N/A,False
N/A,807649254,N/A,False
N/A,807619662,N/A,False
N/A,819287559,N/A,False
N/A,780320157,N/A,False
N/A,764325743,N/A,False
N/A,770296579,N/A,False
N/A,819255593,N/A,False
N/A,812026983,N/A,False
N/A,796223904,N/A,False
N/A,794116411,N/A,False
N/A,776063243,N/A,False
N/A,786794878,N/A,False
N/A,803483334,N/A,False
N/A,806320652,N/A,False
N/A,768737941,N/A,False
N/A,813566345,N/A,False
N/A,788120251,N/A,False
788084443,790498048,790498048,True
N/A,817058406,N/A,False
N/A,786230044,N/A,False
N/A,789904922,N/A,False
N/A,789715282,N/A,False
N/A,765448393,N/A,False
N/A,820256033,N/A,False
N/A,779877858,N/A,False
N/A,778929393,N/A,False
N/A,792190700,N/A,False
N/A,800412499,N/A,False
N/A,785342686,N/A,False
N/A,773082345,N/A,False
N/A,766977008,N/A,False
N/A,782813717,N/A,False
N/A,815827345,N/A,False
780519808,782362523,782362523,False
N/A,814668316,N/A,False
N/A,766505285,N/A,False
N/A,779742893,N/A,False
N/A,803928839,N/A,False
N/A,794300980,N/A,False
N/A,811208482,N/A,False
N/A,789499818,N/A,False
N/A,808884373,N/A,False
N/A,814626544,N/A,False
N/A,788680206,N/A,False
N/A,769512319,N/A,False
N/A,777230208,N/A,False
N/A,796408392,N/A,False
N/A,821434588,N/A,False
N/A,788079498,N/A,False
N/A,768906032,N/A,False
N/A,802437543,N/A,False
N/A,788323197,N/A,False
N/A,811075878,N/A,False
N/A,764011755,N/A,False
N/A,813961349,N/A,False
N/A,805479250,N/A,False
N/A,778483263,N/A,False
N/A,789285345,N/A,False
N/A,808617802,N/A,False
N/A,813328979,N/A,False
N/A,791073388,N/A,False
N/A,767597140,N/A,False
N/A,775407233,N/A,False
N/A,770833897,N/A,False
N/A,781003919,N/A,False
N/A,773203380,N/A,False
N/A,776448820,N/A,False
N/A,814567186,N/A,False
N/A,815037180,N/A,False
789192659,792588619,792588619,False
N/A,796119253,N/A,False
N/A,818366259,N/A,False
N/A,798963082,N/A,False
N/A,767807901,N/A,False
N/A,788896817,N/A,False
N/A,813104568,N/A,False
N/A,777877951,N/A,False
810467847,810468236,810468236,True
N/A,802929525,N/A,False
N/A,784091796,N/A,False
N/A,763151066,N/A,False
N/A,798526125,N/A,False
N/A,805815614,N/A,False
N/A,785282466,N/A,False
N/A,791120427,N/A,False
N/A,789020281,N/A,False
N/A,796644662,N/A,False
N/A,818157504,N/A,False
N/A,819484618,N/A,False
N/A,821514359,N/A,False
N/A,800825921,N/A,False
N/A,772881818,N/A,False
N/A,797980325,N/A,False
N/A,794585086,N/A,False
N/A,780837341,N/A,False
N/A,773132000,N/A,False
N/A,781281107,N/A,False
763304896,764452262,764452262,True
N/A,808495610,N/A,False
N/A,775862668,N/A,False
N/A,813933423,N/A,False
N/A,778145967,N/A,False
N/A,791214874,N/A,False
818638451,818638996,818638996,False
N/A,820140314,N/A,False
N/A,766523598,N/A,False
N/A,792290447,N/A,False
N/A,765925693,N/A,False
N/A,779243486,N/A,False
N/A,770508789,N/A,False
807421903,807423261,807423261,True
N/A,780309742,N/A,False
N/A,785788081,N/A,False
N/A,800915693,N/A,False
N/A,777845517,N/A,False
N/A,778983296,N/A,False
N/A,813773767,N/A,False
N/A,821387732,N/A,False
N/A,794229855,N/A,False
N/A,819039640,N/A,False
N/A,786079175,N/A,False
N/A,820011424,N/A,False
N/A,822606448,N/A,False
N/A,800898825,N/A,False
N/A,772297130,N/A,False
N/A,808250358,N/A,False
N/A,797306112,N/A,False
807935494,807938794,807938794,True
770135984,770227570,770227570,True
N/A,807495180,N/A,False
N/A,807875412,N/A,False
779216853,780284680,780284680,True
N/A,765635371,N/A,False
N/A,811270107,N/A,False
N/A,768387642,N/A,False
813983179,813983366,813983366,False
N/A,815335611,N/A,False
N/A,769472158,N/A,False
N/A,808970910,N/A,False
771614490,771621595,771621595,True
N/A,779611644,N/A,False
N/A,814705080,N/A,False
N/A,820777903,N/A,False
N/A,818193527,N/A,False
N/A,807339737,N/A,False
N/A,809915187,N/A,False
786247737,786248776,786248776,False
N/A,814067650,N/A,False
N/A,777143732,N/A,False
N/A,787417651,N/A,False
N/A,813373280,N/A,False
N/A,786440999,N/A,False
N/A,795585288,N/A,False
N/A,805400807,N/A,False
N/A,814456812,N/A,False
N/A,813321337,N/A,False
N/A,822352015,N/A,False
N/A,794556595,N/A,False
786145930,786197449,786197449,True
N/A,820733347,N/A,False
N/A,801718175,N/A,False
779141211,786243012,786243012,True
N/A,766114435,N/A,False
N/A,814342534,N/A,False
803877340,803903995,803903995,True
N/A,817953225,N/A,False
N/A,774939676,N/A,False
N/A,794762019,N/A,False
N/A,779179158,N/A,False
N/A,807142933,N/A,False
N/A,812890888,N/A,False
N/A,808918903,N/A,False
N/A,815087599,N/A,False
N/A,813490588,N/A,False
N/A,771544694,N/A,False
N/A,785993861,N/A,False
N/A,794842879,N/A,False
N/A,784388515,N/A,False
N/A,789460456,N/A,False
N/A,766178272,N/A,False
N/A,774942906,N/A,False
N/A,809339447,N/A,False
N/A,796873273,N/A,False
N/A,785267309,N/A,False
N/A,798434959,N/A,False
N/A,806165431,N/A,False
N/A,801643638,N/A,False
N/A,771530874,N/A,False
N/A,793880732,N/A,False
N/A,813898973,N/A,False
N/A,810205867,N/A,False
N/A,797085073,N/A,False
N/A,787842328,N/A,False
N/A,810290803,N/A,False
N/A,780263794,N/A,False
N/A,811614231,N/A,False
784959191,785106592,785106592,True
N/A,822015862,N/A,False
N/A,813187993,N/A,False
N/A,815439379,N/A,False
N/A,808659704,N/A,False
N/A,764336741,N/A,False
N/A,806958308,N/A,False
773850942,773851367,773851367,True
N/A,767467894,N/A,False
N/A,790808447,N/A,False
N/A,773463443,N/A,False
N/A,821442088,N/A,False
N/A,804254413,N/A,False
N/A,769583478,N/A,False
N/A,819358063,N/A,False
N/A,786934237,N/A,False
N/A,784834634,N/A,False
N/A,808103700,N/A,False
N/A,802163414,N/A,False
N/A,785756696,N/A,False
N/A,814883171,N/A,False
N/A,786312413,N/A,False
N/A,783998573,N/A,False
N/A,803627488,N/A,False
N/A,763247632,N/A,False
N/A,812575160,N/A,False
N/A,785596470,N/A,False
N/A,763431106,N/A,False
N/A,800323411,N/A,False
N/A,810878959,N/A,False
N/A,820657329,N/A,False
N/A,771724983,N/A,False
N/A,771535099,N/A,False
N/A,818223955,N/A,False
N/A,807370415,N/A,False
N/A,777973131,N/A,False
N/A,783860712,N/A,False
N/A,788112362,N/A,False
N/A,792783744,N/A,False
N/A,779333789,N/A,False
N/A,807575094,N/A,False
796914948,796916756,796916756,False
N/A,781774426,N/A,False
N/A,791044876,N/A,False
N/A,781745752,N/A,False
N/A,764302001,N/A,False
N/A,808871130,N/A,False
N/A,811510310,N/A,False
N/A,823361196,N/A,False
N/A,768360903,N/A,False
N/A,797647261,N/A,False
N/A,787912031,N/A,False
N/A,790188932,N/A,False
N/A,794170785,N/A,False
N/A,778326886,N/A,False
N/A,807430391,N/A,False
N/A,819235580,N/A,False
N/A,808721270,N/A,False
810793965,810806498,810806498,True
N/A,774408794,N/A,False
N/A,766407034,N/A,False
N/A,818077186,N/A,False
N/A,797154968,N/A,False
N/A,767579248,N/A,False
N/A,779516874,N/A,False
801644580,802728489,802728489,True
807158476,807158527,807158527,True
N/A,808007202,N/A,False
N/A,816572545,N/A,False
799574812,799574886,799574886,True
N/A,794641362,N/A,False
N/A,783241389,N/A,False
N/A,810414714,N/A,False
N/A,804944666,N/A,False
N/A,796371976,N/A,False
N/A,809959548,N/A,False
N/A,817011277,N/A,False
N/A,798418849,N/A,False
N/A,812012244,N/A,False
N/A,785124883,N/A,False
N/A,804091728,N/A,False
N/A,771419721,N/A,False
N/A,790417144,N/A,False
763361216,763365495,763365495,False
N/A,807891886,N/A,False
N/A,807516976,N/A,False
790626797,790932256,790932256,False
765413115,765428288,765428288,True
N/A,799227707,N/A,False
N/A,800127712,N/A,False
N/A,786427136,N/A,False
N/A,794612592,N/A,False
N/A,808235091,N/A,False
N/A,784725472,N/A,False
N/A,798426661,N/A,False
N/A,773045351,N/A,False
N/A,774076265,N/A,False
N/A,787763511,N/A,False
N/A,809963554,N/A,False
N/A,805428615,N/A,False
N/A,784004001,N/A,False
N/A,804291958,N/A,False
N/A,796975156,N/A,False
N/A,819213573,N/A,False
N/A,793453945,N/A,False
N/A,817300516,N/A,False
N/A,804867400,N/A,False
N/A,773647828,N/A,False
N/A,781734930,N/A,False
N/A,781925169,N/A,False
N/A,802631467,N/A,False
N/A,791505349,N/A,False
N/A,794845951,N/A,False
N/A,766175606,N/A,False
N/A,807534472,N/A,False
N/A,785674377,N/A,False
N/A,816413268,N/A,False
N/A,788099944,N/A,False
N/A,814419751,N/A,False
N/A,764063507,N/A,False
N/A,766826433,N/A,False
N/A,793189021,N/A,False
N/A,781405382,N/A,False
N/A,780961795,N/A,False
N/A,777325749,N/A,False
N/A,811253206,N/A,False
N/A,808112657,N/A,False
N/A,779017302,N/A,False
N/A,777142705,N/A,False
N/A,820252458,N/A,False
N/A,765113305,N/A,False
N/A,794032213,N/A,False
N/A,783555492,N/A,False
N/A,789512419,N/A,False
N/A,779901451,N/A,False
N/A,785875892,N/A,False
N/A,778924264,N/A,False
N/A,789441365,N/A,False
N/A,815173869,N/A,False
N/A,795157750,N/A,False
812396319,812535171,812535171,True
N/A,769486855,N/A,False
N/A,771673777,N/A,False
N/A,779545836,N/A,False
N/A,792756727,N/A,False
N/A,785532758,N/A,False
N/A,807164579,N/A,False
N/A,772390324,N/A,False
N/A,773078865,N/A,False
N/A,820197559,N/A,False
N/A,775181125,N/A,False
N/A,814320776,N/A,False
812380855,812475110,812475110,False
794091768,794103853,794103853,True
N/A,808070936,N/A,False
819059301,819112548,819112548,True
N/A,794594059,N/A,False
N/A,811920096,N/A,False
N/A,811570537,N/A,False
N/A,772890923,N/A,False
N/A,795505774,N/A,False
N/A,786442662,N/A,False
N/A,773805822,N/A,False
N/A,793675727,N/A,False
N/A,820871803,N/A,False
N/A,799380381,N/A,False
N/A,767943248,N/A,False
N/A,815224979,N/A,False
N/A,775324995,N/A,False
N/A,768523103,N/A,False
N/A,767174406,N/A,False
N/A,789026588,N/A,False
N/A,818431674,N/A,False
N/A,817532685,N/A,False
N/A,768075786,N/A,False
N/A,804252095,N/A,False
N/A,808025927,N/A,False
N/A,806356037,N/A,False
N/A,772482076,N/A,False
N/A,790779131,N/A,False
N/A,811747745,N/A,False
N/A,777654885,N/A,False
N/A,817866504,N/A,False
N/A,798362312,N/A,False
N/A,776643097,N/A,False
N/A,779489411,N/A,False
N/A,814821478,N/A,False
N/A,809835621,N/A,False
N/A,784627662,N/A,False
820350291,820441353,820441353,True
N/A,782353123,N/A,False
N/A,822431632,N/A,False
N/A,812286014,N/A,False
N/A,821591296,N/A,False
N/A,768753774,N/A,False
N/A,815204209,N/A,False
N/A,777745827,N/A,False
N/A,806336370,N/A,False
807427021,808437095,808437095,True
N/A,786810882,N/A,False
N/A,768314817,N/A,False
N/A,796239959,N/A,False
N/A,817755759,N/A,False
766183133,766189861,766189861,True
800773371,805431889,805431889,True
N/A,789519969,N/A,False
N/A,767838083,N/A,False
N/A,807534402,N/A,False
N/A,790440336,N/A,False
N/A,794341412,N/A,False
N/A,766878793,N/A,False
N/A,785901325,N/A,False
N/A,795318418,N/A,False
N/A,816850263,N/A,False
N/A,815882226,N/A,False
N/A,787885755,N/A,False
N/A,815583219,N/A,False
N/A,798147127,N/A,False
N/A,774301431,N/A,False
N/A,804479354,N/A,False
N/A,785135971,N/A,False
807717630,809197766,809197766,True
N/A,777364849,N/A,False
N/A,765545050,N/A,False
N/A,808919705,N/A,False
N/A,815302273,N/A,False
N/A,763329307,N/A,False
N/A,807003399,N/A,False
N/A,818675214,N/A,False
N/A,788778460,N/A,False
N/A,800574658,N/A,False
N/A,779702801,N/A,False
N/A,763704957,N/A,False
N/A,812601505,N/A,False
N/A,814926086,N/A,False
N/A,822351154,N/A,False
N/A,789855631,N/A,False
N/A,790336997,N/A,False
N/A,813072643,N/A,False
N/A,793494813,N/A,False
N/A,772006794,N/A,False
802116969,802811240,802811240,True
N/A,810485343,N/A,False
N/A,796996621,N/A,False
822333324,822342464,822342464,False
N/A,815567467,N/A,False
N/A,769230078,N/A,False
N/A,770006657,N/A,False
N/A,811671728,N/A,False
766516930,766517162,766517162,True
N/A,806383136,N/A,False
N/A,794855744,N/A,False
N/A,812613244,N/A,False
N/A,778141348,N/A,False
N/A,774090690,N/A,False
N/A,802955883,N/A,False
N/A,768146591,N/A,False
N/A,791276247,N/A,False
N/A,817611212,N/A,False
N/A,814603369,N/A,False
N/A,767228375,N/A,False
N/A,793733924,N/A,False
N/A,792190977,N/A,False
N/A,784898540,N/A,False
N/A,782707130,N/A,False
N/A,788667011,N/A,False
N/A,809386008,N/A,False
N/A,766574622,N/A,False
N/A,768674218,N/A,False
781299061,784333448,784333448,True
789857749,790384237,790384237,True
N/A,784504799,N/A,False
N/A,793066905,N/A,False
N/A,795162507,N/A,False
N/A,810603171,N/A,False
N/A,783309584,N/A,False
N/A,791511343,N/A,False
N/A,774485562,N/A,False
N/A,818412214,N/A,False
N/A,771154246,N/A,False
N/A,794269767,N/A,False
N/A,769834130,N/A,False
N/A,809481771,N/A,False
N/A,800684088,N/A,False
N/A,816130323,N/A,False
N/A,805091682,N/A,False
N/A,768600474,N/A,False
N/A,775402841,N/A,False
N/A,804983822,N/A,False
N/A,773763348,N/A,False
N/A,800180874,N/A,False
N/A,801332167,N/A,False
N/A,822791457,N/A,False
N/A,789637865,N/A,False
N/A,821625238,N/A,False
N/A,789407217,N/A,False
809888747,811206748,811206748,True
N/A,779346426,N/A,False
N/A,779006083,N/A,False
N/A,814784735,N/A,False
N/A,776728038,N/A,False
N/A,784263792,N/A,False
N/A,778202729,N/A,False
N/A,765055842,N/A,False
N/A,797380357,N/A,False
816158993,816201372,816201372,False
N/A,822446425,N/A,False
N/A,801524465,N/A,False
N/A,800043000,N/A,False
N/A,791487239,N/A,False
N/A,810008786,N/A,False
N/A,813580234,N/A,False
N/A,801425382,N/A,False
N/A,785270799,N/A,False
N/A,820615885,N/A,False
N/A,798063223,N/A,False
N/A,780527622,N/A,False
N/A,775012954,N/A,False
N/A,769587346,N/A,False
N/A,764630233,N/A,False
N/A,802793960,N/A,False
N/A,804863604,N/A,False
N/A,820120238,N/A,False
N/A,783926018,N/A,False
N/A,778038152,N/A,False
N/A,811838307,N/A,False
N/A,778878496,N/A,False
N/A,788687949,N/A,False
N/A,771493274,N/A,False
N/A,776833008,N/A,False
N/A,794217758,N/A,False
N/A,808676022,N/A,False
N/A,785465982,N/A,False
N/A,775974383,N/A,False
N/A,792675500,N/A,False
N/A,808568241,N/A,False
N/A,807628414,N/A,False
N/A,779097482,N/A,False
792242169,792866681,792866681,True
N/A,804041942,N/A,False
N/A,814969412,N/A,False
N/A,805898049,N/A,False
N/A,777267509,N/A,False
N/A,817953990,N/A,False
N/A,808682779,N/A,False
783772594,783774104,783774104,True
N/A,819598441,N/A,False
N/A,797552005,N/A,False
N/A,812264215,N/A,False
N/A,818850911,N/A,False
N/A,801792388,N/A,False
N/A,821490450,N/A,False
N/A,800002182,N/A,False
N/A,823273409,N/A,False
N/A,816580976,N/A,False
N/A,806977975,N/A,False
N/A,779466710,N/A,False
N/A,818347694,N/A,False
N/A,815619454,N/A,False
N/A,763158829,N/A,False
803393523,803539526,803539526,True
N/A,783909980,N/A,False
N/A,798448292,N/A,False
N/A,789628866,N/A,False
N/A,810465373,N/A,False
N/A,775227099,N/A,False
N/A,767417685,N/A,False
N/A,770654990,N/A,False
N/A,791872763,N/A,False
N/A,765821245,N/A,False
N/A,788489008,N/A,False
N/A,766534789,N/A,False
N/A,795069318,N/A,False
N/A,765389654,N/A,False
N/A,767872616,N/A,False
N/A,788534561,N/A,False
N/A,813342047,N/A,False
N/A,808583966,N/A,False
N/A,811600446,N/A,False
N/A,791734763,N/A,False
N/A,814908279,N/A,False
N/A,796713108,N/A,False
801692207,801731354,801731354,True
N/A,791657311,N/A,False
N/A,806684299,N/A,False
798502030,798752834,798752834,False
N/A,766683046,N/A,False
N/A,778244058,N/A,False
N/A,764778874,N/A,False
N/A,804008636,N/A,False
N/A,774682191,N/A,False
N/A,766490650,N/A,False
N/A,804081296,N/A,False
N/A,788140235,N/A,False
N/A,765310967,N/A,False
N/A,791364687,N/A,False
N/A,801001204,N/A,False
N/A,795537843,N/A,False
N/A,791310246,N/A,False
N/A,778501395,N/A,False
N/A,787817808,N/A,False
N/A,812152128,N/A,False
N/A,787567585,N/A,False
N/A,816430532,N/A,False
N/A,811266916,N/A,False
N/A,809194283,N/A,False
N/A,794896025,N/A,False
796989165,796989660,796989660,True
N/A,818500775,N/A,False
N/A,789652838,N/A,False
N/A,783732011,N/A,False
N/A,784677417,N/A,False
N/A,787875228,N/A,False
N/A,799660129,N/A,False
N/A,773619507,N/A,False
N/A,806467416,N/A,False
807660563,807792786,807792786,True
N/A,798075200,N/A,False
N/A,805336184,N/A,False
N/A,812984860,N/A,False
N/A,792173210,N/A,False
N/A,806376754,N/A,False
N/A,783551140,N/A,False
N/A,771077766,N/A,False
N/A,804621117,N/A,False
N/A,780015394,N/A,False
N/A,820859508,N/A,False
N/A,763913487,N/A,False
N/A,797736520,N/A,False
790749364,790749466,790749466,True
N/A,776603426,N/A,False
N/A,779925533,N/A,False
N/A,763359687,N/A,False
N/A,789973259,N/A,False
N/A,818711538,N/A,False
N/A,803972910,N/A,False
N/A,794040782,N/A,False
N/A,776258775,N/A,False
N/A,813763321,N/A,False
N/A,782840196,N/A,False
N/A,775233119,N/A,False
N/A,781009183,N/A,False
N/A,773398157,N/A,False
N/A,815571185,N/A,False
N/A,768058940,N/A,False
N/A,785001834,N/A,False
N/A,763594126,N/A,False
N/A,774737031,N/A,False
N/A,818096041,N/A,False
N/A,818749953,N/A,False
N/A,799913338,N/A,False
N/A,818018266,N/A,False
N/A,776672832,N/A,False
N/A,808611215,N/A,False
N/A,767168219,N/A,False
N/A,809769678,N/A,False
N/A,806465115,N/A,False
N/A,793314310,N/A,False
N/A,774587848,N/A,False
N/A,788164306,N/A,False
799957938,800148627,800148627,False
N/A,816158994,N/A,False
N/A,794930050,N/A,False
N/A,805985811,N/A,False
N/A,820781924,N/A,False
N/A,796320147,N/A,False
N/A,814236466,N/A,False
N/A,772813880,N/A,False
N/A,785079207,N/A,False
N/A,808435885,N/A,False
N/A,783123104,N/A,False
N/A,791847814,N/A,False
764813439,773605889,773605889,False
N/A,806337026,N/A,False
N/A,769929826,N/A,False
N/A,784482201,N/A,False
721307738,769136092,769136092,True
N/A,774463994,N/A,False
N/A,801423442,N/A,False
N/A,783865368,N/A,False
N/A,767635001,N/A,False
N/A,822662942,N/A,False
N/A,783075517,N/A,False
N/A,774035038,N/A,False
N/A,788654596,N/A,False
818531957,818532049,818532049,True
N/A,772060891,N/A,False
N/A,817428000,N/A,False
N/A,793904189,N/A,False
N/A,822849579,N/A,False
N/A,781985495,N/A,False
N/A,789687733,N/A,False
N/A,788325542,N/A,False
N/A,775039506,N/A,False
N/A,765797214,N/A,False
N/A,773732805,N/A,False
N/A,815604150,N/A,False
N/A,764019366,N/A,False
N/A,806723027,N/A,False
N/A,817743661,N/A,False
N/A,774665356,N/A,False
N/A,780843599,N/A,False
N/A,803635554,N/A,False
N/A,797130293,N/A,False
N/A,778790836,N/A,False
N/A,773739358,N/A,False
N/A,770074875,N/A,False
N/A,805098764,N/A,False
N/A,794321639,N/A,False
800044089,809208900,809208900,True
N/A,788632740,N/A,False
N/A,768548633,N/A,False
N/A,790729908,N/A,False
N/A,770642827,N/A,False
N/A,764310838,N/A,False
N/A,776510248,N/A,False
N/A,782209623,N/A,False
N/A,804764000,N/A,False
N/A,792644474,N/A,False
N/A,810421769,N/A,False
N/A,822182967,N/A,False
N/A,763922342,N/A,False
N/A,789405897,N/A,False
N/A,811754296,N/A,False
N/A,785906383,N/A,False
N/A,767087324,N/A,False
N/A,808984084,N/A,False
N/A,786532047,N/A,False
N/A,795763241,N/A,False
N/A,819372793,N/A,False
N/A,771841682,N/A,False
N/A,769083822,N/A,False
N/A,805594449,N/A,False
N/A,818277097,N/A,False
N/A,765450365,N/A,False
N/A,803961356,N/A,False
N/A,797261926,N/A,False
N/A,821841023,N/A,False
N/A,774422986,N/A,False
N/A,784707707,N/A,False
N/A,771377234,N/A,False
N/A,803846401,N/A,False
N/A,815548317,N/A,False
N/A,796881212,N/A,False
N/A,797452085,N/A,False
N/A,788115664,N/A,False
N/A,785568140,N/A,False
776234807,776275698,776275698,True
N/A,773514046,N/A,False
N/A,782840457,N/A,False
766605123,766650805,766650805,True
N/A,764141454,N/A,False
N/A,770350113,N/A,False
N/A,818072537,N/A,False
N/A,818542640,N/A,False
N/A,777877294,N/A,False
N/A,816976208,N/A,False
N/A,815753813,N/A,False
N/A,797940320,N/A,False
N/A,799358772,N/A,False
N/A,779128645,N/A,False
N/A,784613840,N/A,False
N/A,777496339,N/A,False
N/A,776257882,N/A,False
N/A,804591961,N/A,False
N/A,802963125,N/A,False
N/A,792725296,N/A,False
781609108,781671580,781671580,True
N/A,801208164,N/A,False
811885320,811887587,811887587,True
N/A,768451274,N/A,False
N/A,778735318,N/A,False
798051737,799050231,799050231,False
N/A,769409254,N/A,False
N/A,792227670,N/A,False
N/A,782199625,N/A,False
N/A,813969502,N/A,False
N/A,777992867,N/A,False
N/A,804007859,N/A,False
N/A,767923918,N/A,False
N/A,767165100,N/A,False
N/A,821987921,N/A,False
N/A,788887136,N/A,False
N/A,784705124,N/A,False
N/A,770821324,N/A,False
N/A,773745363,N/A,False
N/A,801953124,N/A,False
N/A,804778283,N/A,False
N/A,794863891,N/A,False
N/A,788447076,N/A,False
N/A,790181454,N/A,False
N/A,783815009,N/A,False
N/A,782842236,N/A,False
N/A,766182184,N/A,False
N/A,796718944,N/A,False
N/A,809453727,N/A,False
N/A,791662164,N/A,False
N/A,803796561,N/A,False
N/A,769113462,N/A,False
N/A,815095627,N/A,False
N/A,770179564,N/A,False
N/A,767131247,N/A,False
N/A,799314076,N/A,False
N/A,812815444,N/A,False
N/A,771174657,N/A,False
N/A,798674823,N/A,False
N/A,777588342,N/A,False
N/A,792270967,N/A,False
N/A,806472056,N/A,False
N/A,768559111,N/A,False
N/A,793426590,N/A,False
N/A,797137163,N/A,False
780273615,796593248,796593248,True
N/A,808553148,N/A,False
N/A,807593176,N/A,False
N/A,807499526,N/A,False
N/A,811212148,N/A,False
N/A,763249536,N/A,False
N/A,766913872,N/A,False
N/A,811117895,N/A,False
N/A,788765656,N/A,False
N/A,799237019,N/A,False
N/A,790384523,N/A,False
N/A,813283397,N/A,False
N/A,819360794,N/A,False
N/A,768309719,N/A,False
782301154,782302116,782302116,False
N/A,804203798,N/A,False
810709784,810710382,810710382,True
N/A,781155916,N/A,False
N/A,773830887,N/A,False
N/A,783631294,N/A,False
N/A,821760663,N/A,False
N/A,777034030,N/A,False
N/A,774168367,N/A,False
N/A,805043592,N/A,False
N/A,781527118,N/A,False
779867171,779868092,779868092,False
N/A,817427618,N/A,False
N/A,794549010,N/A,False
N/A,796643951,N/A,False
N/A,775632157,N/A,False
N/A,774943024,N/A,False
N/A,812021108,N/A,False
N/A,772845013,N/A,False
N/A,773531727,N/A,False
N/A,814991103,N/A,False
N/A,814087951,N/A,False
N/A,812925074,N/A,False
N/A,767578774,N/A,False
N/A,784037844,N/A,False
N/A,764454932,N/A,False
764552924,764561223,764561223,True
N/A,771732231,N/A,False
N/A,805044501,N/A,False
N/A,783437000,N/A,False
N/A,787624425,N/A,False
N/A,763380434,N/A,False
N/A,798477186,N/A,False
N/A,817698150,N/A,False
N/A,822393429,N/A,False
N/A,771785395,N/A,False
774525394,774532171,774532171,True
N/A,790963179,N/A,False
N/A,808924587,N/A,False
N/A,808641618,N/A,False
N/A,801123812,N/A,False
792162652,792162951,792162951,True
806549498,806556944,806556944,True
N/A,785421750,N/A,False
N/A,822095944,N/A,False
N/A,815423627,N/A,False
N/A,779952855,N/A,False
N/A,786683867,N/A,False
811897399,811947251,811947251,True
803569661,804008100,804008100,True
N/A,770936603,N/A,False
N/A,798602199,N/A,False
N/A,767702809,N/A,False
N/A,809069531,N/A,False
N/A,765422996,N/A,False
818456266,818494045,818494045,True
N/A,814934555,N/A,False
N/A,778548239,N/A,False
N/A,812231467,N/A,False
767572024,767572320,767572320,True
N/A,806862382,N/A,False
N/A,764893839,N/A,False
N/A,768231661,N/A,False
N/A,810165739,N/A,False
N/A,811535418,N/A,False
N/A,766378880,N/A,False
N/A,812477048,N/A,False
N/A,778004269,N/A,False
N/A,793289774,N/A,False
N/A,802197193,N/A,False
N/A,768759776,N/A,False
N/A,793343215,N/A,False
N/A,771757351,N/A,False
N/A,822480899,N/A,False
N/A,776341005,N/A,False
N/A,788754837,N/A,False
N/A,794222222,N/A,False
N/A,779969364,N/A,False
N/A,815928420,N/A,False
N/A,817924416,N/A,False
N/A,796906608,N/A,False
N/A,803608109,N/A,False
N/A,823379924,N/A,False
N/A,807488712,N/A,False
N/A,776027417,N/A,False
N/A,778642104,N/A,False
N/A,819220566,N/A,False
N/A,798271826,N/A,False
N/A,821802381,N/A,False
N/A,795659803,N/A,False
N/A,820680527,N/A,False
N/A,813164011,N/A,False
N/A,766980776,N/A,False
N/A,810327862,N/A,False
N/A,820484163,N/A,False
N/A,799297183,N/A,False
N/A,767162795,N/A,False
N/A,766727313,N/A,False
N/A,822779793,N/A,False
N/A,784556110,N/A,False
N/A,774570877,N/A,False
N/A,807399386,N/A,False
N/A,775702754,N/A,False
809162696,809284624,809284624,True
N/A,814345948,N/A,False
N/A,814287400,N/A,False
772584838,778598977,778598977,False
N/A,782459398,N/A,False
N/A,799459064,N/A,False
N/A,816328552,N/A,False
N/A,812379074,N/A,False
N/A,809457444,N/A,False
N/A,765178606,N/A,False
N/A,783646408,N/A,False
N/A,807523574,N/A,False
N/A,765084353,N/A,False
N/A,803924766,N/A,False
800630295,800647779,800647779,True
N/A,763238327,N/A,False
N/A,802597587,N/A,False
N/A,780313828,N/A,False
N/A,810748817,N/A,False
N/A,785783914,N/A,False
N/A,772476330,N/A,False
N/A,815783684,N/A,False
N/A,801606581,N/A,False
N/A,766987500,N/A,False
N/A,793408400,N/A,False
N/A,803340656,N/A,False
N/A,791676650,N/A,False
N/A,800289824,N/A,False
N/A,768450801,N/A,False
N/A,776550043,N/A,False
N/A,804151866,N/A,False
802523340,802530082,802530082,True
N/A,770134640,N/A,False
N/A,781904429,N/A,False
N/A,802214366,N/A,False
N/A,788691066,N/A,False
N/A,810311364,N/A,False
N/A,778006157,N/A,False
N/A,814030919,N/A,False
N/A,801080581,N/A,False
N/A,773711115,N/A,False
N/A,793659304,N/A,False
N/A,805331740,N/A,False
N/A,810773900,N/A,False
N/A,811937329,N/A,False
N/A,788832221,N/A,False
N/A,788170484,N/A,False
N/A,765330219,N/A,False
N/A,765997396,N/A,False
N/A,789185721,N/A,False
N/A,808918895,N/A,False
N/A,820863736,N/A,False
N/A,809484074,N/A,False
N/A,767165054,N/A,False
N/A,805804335,N/A,False
N/A,799975224,N/A,False
N/A,793998908,N/A,False
N/A,793364821,N/A,False
N/A,819452650,N/A,False
N/A,795162585,N/A,False
769205631,769233016,769233016,True
N/A,772722739,N/A,False
N/A,799107356,N/A,False
N/A,819076821,N/A,False
N/A,822118075,N/A,False
N/A,790351338,N/A,False
761744848,765294535,765294535,True
819899856,819934084,819934084,True
N/A,820167486,N/A,False
806993269,806996329,806996329,True
N/A,797840732,N/A,False
N/A,787437355,N/A,False
N/A,802441946,N/A,False
772065307,772145904,772145904,False
N/A,798976351,N/A,False
N/A,794896396,N/A,False
N/A,776774849,N/A,False
N/A,811894563,N/A,False
N/A,767722908,N/A,False
N/A,812929448,N/A,False
N/A,812293564,N/A,False
N/A,782379136,N/A,False
816430969,816431286,816431286,True
N/A,790696695,N/A,False
N/A,820470615,N/A,False
769363933,776499133,776499133,False
N/A,815688124,N/A,False
N/A,818980114,N/A,False
787762568,787763862,787763862,True
N/A,807353751,N/A,False
N/A,764008654,N/A,False
N/A,778156081,N/A,False
N/A,801870940,N/A,False
N/A,821322344,N/A,False
N/A,783061072,N/A,False
N/A,764688268,N/A,False
N/A,801192140,N/A,False
N/A,767266771,N/A,False
N/A,798336377,N/A,False
N/A,781324711,N/A,False
N/A,785513019,N/A,False
N/A,772967231,N/A,False
N/A,810112952,N/A,False
N/A,775756799,N/A,False
N/A,822757771,N/A,False
N/A,820409374,N/A,False
N/A,818533226,N/A,False
796095477,796255990,796255990,True
N/A,782919434,N/A,False
N/A,791740422,N/A,False
N/A,781298128,N/A,False
N/A,805852375,N/A,False
N/A,814091987,N/A,False
N/A,812694782,N/A,False
N/A,787135700,N/A,False
N/A,771650005,N/A,False
N/A,789310757,N/A,False
N/A,816978255,N/A,False
N/A,778509940,N/A,False
N/A,777139679,N/A,False
N/A,812937466,N/A,False
N/A,780784633,N/A,False
N/A,816551053,N/A,False
N/A,774846170,N/A,False
N/A,783835335,N/A,False
802336182,802336242,802336242,False
781322469,783930083,783930083,False
N/A,816864647,N/A,False
N/A,816301062,N/A,False
N/A,813199544,N/A,False
807789100,808555695,808555695,True
N/A,813748677,N/A,False
N/A,812904129,N/A,False
N/A,822301445,N/A,False
N/A,809744912,N/A,False
N/A,819002695,N/A,False
N/A,787425211,N/A,False
N/A,768532199,N/A,False
N/A,821055271,N/A,False
763125913,763150744,763150744,True
N/A,794901135,N/A,False
N/A,811319278,N/A,False
N/A,822362174,N/A,False
N/A,813331462,N/A,False
N/A,763523026,N/A,False
N/A,775427143,N/A,False
N/A,801841543,N/A,False
N/A,816326198,N/A,False
N/A,804557393,N/A,False
N/A,784296859,N/A,False
791979681,791987558,791987558,True
N/A,796849816,N/A,False
N/A,801390303,N/A,False
N/A,803385926,N/A,False
N/A,775338928,N/A,False
N/A,766377402,N/A,False
N/A,796113066,N/A,False
N/A,776676864,N/A,False
N/A,805834399,N/A,False
749329578,766859453,766859453,False
N/A,774191692,N/A,False
N/A,804515836,N/A,False
N/A,816048562,N/A,False
801065274,803808199,803808199,True
N/A,797294716,N/A,False
N/A,823281994,N/A,False
N/A,795385173,N/A,False
N/A,800682525,N/A,False
N/A,775607574,N/A,False
780803125,781652866,781652866,True
N/A,787434087,N/A,False
N/A,791689397,N/A,False
N/A,797501512,N/A,False
N/A,769607936,N/A,False
N/A,789170576,N/A,False
N/A,779032695,N/A,False
N/A,808021698,N/A,False
N/A,821001996,N/A,False
N/A,786166603,N/A,False
N/A,799284014,N/A,False
N/A,816161460,N/A,False
N/A,787732199,N/A,False
N/A,821263351,N/A,False
N/A,787906830,N/A,False
N/A,792646633,N/A,False
N/A,802669778,N/A,False
N/A,808163834,N/A,False
N/A,818113936,N/A,False
N/A,775566477,N/A,False
N/A,772894193,N/A,False
N/A,822701787,N/A,False
N/A,790312101,N/A,False
N/A,772043367,N/A,False
N/A,783935633,N/A,False
N/A,764614858,N/A,False
N/A,822575390,N/A,False
N/A,814818116,N/A,False
N/A,818581993,N/A,False
N/A,778755807,N/A,False
N/A,764926344,N/A,False
N/A,818376225,N/A,False
798634232,798634235,798634235,False
N/A,821533449,N/A,False
N/A,785617029,N/A,False
N/A,790793880,N/A,False
N/A,789074376,N/A,False
N/A,763697243,N/A,False
N/A,778121996,N/A,False
N/A,778461944,N/A,False
N/A,814849311,N/A,False
N/A,800247680,N/A,False
N/A,798978626,N/A,False
N/A,789894887,N/A,False
N/A,792914810,N/A,False
N/A,768718637,N/A,False
N/A,777389861,N/A,False
N/A,763380301,N/A,False
N/A,786114580,N/A,False
N/A,800651972,N/A,False
N/A,767861537,N/A,False
N/A,822931316,N/A,False
N/A,763641773,N/A,False
N/A,810394529,N/A,False
797580806,798099964,798099964,False
N/A,792628348,N/A,False
N/A,792655758,N/A,False
N/A,768129592,N/A,False
N/A,801573745,N/A,False
N/A,796594291,N/A,False
N/A,766820551,N/A,False
N/A,774875288,N/A,False
N/A,807313804,N/A,False
N/A,777927645,N/A,False
N/A,771652921,N/A,False
N/A,789903039,N/A,False
N/A,774391513,N/A,False
N/A,821417540,N/A,False
N/A,817189514,N/A,False
N/A,819070125,N/A,False
N/A,801479351,N/A,False
N/A,818149405,N/A,False
784015903,784016543,784016543,True
N/A,804781235,N/A,False
N/A,815803264,N/A,False
N/A,772700244,N/A,False
N/A,764971447,N/A,False
N/A,776026043,N/A,False
N/A,768594524,N/A,False
N/A,787880219,N/A,False
N/A,805194690,N/A,False
N/A,767601440,N/A,False
N/A,785666384,N/A,False
N/A,795083584,N/A,False
N/A,822131368,N/A,False
N/A,803966152,N/A,False
N/A,798968866,N/A,False
798438139,799983355,799983355,True
N/A,773375050,N/A,False
768522033,768548895,768548895,True
N/A,766109601,N/A,False
N/A,765283846,N/A,False
N/A,793464431,N/A,False
N/A,767273110,N/A,False
N/A,798405808,N/A,False
N/A,782066554,N/A,False
N/A,772791501,N/A,False
N/A,809250308,N/A,False
N/A,803780919,N/A,False
N/A,801560512,N/A,False
N/A,772617379,N/A,False
N/A,766715754,N/A,False
N/A,783838452,N/A,False
N/A,794290348,N/A,False
N/A,785444045,N/A,False
N/A,808372085,N/A,False
N/A,765040284,N/A,False
N/A,777243823,N/A,False
N/A,803425708,N/A,False
N/A,787292349,N/A,False
776189733,780661485,780661485,True
N/A,802673917,N/A,False
N/A,780958728,N/A,False
776975447,776975782,776975782,True
N/A,774014022,N/A,False
N/A,782534614,N/A,False
N/A,807122634,N/A,False
N/A,797165644,N/A,False
N/A,795072214,N/A,False
N/A,774975081,N/A,False
N/A,777076668,N/A,False
N/A,807944604,N/A,False
N/A,806129607,N/A,False
N/A,791713126,N/A,False
808922365,808926337,808926337,True
N/A,764228286,N/A,False
N/A,768898926,N/A,False
N/A,813540902,N/A,False
N/A,774784939,N/A,False
N/A,800089133,N/A,False
N/A,802729310,N/A,False
538294034,806591912,806591912,True
N/A,813287552,N/A,False
N/A,795658505,N/A,False
N/A,791075342,N/A,False
791458385,791458757,791458757,True
N/A,796043810,N/A,False
795264807,795311883,795311883,False
N/A,769260896,N/A,False
N/A,806613551,N/A,False
N/A,820357076,N/A,False
N/A,790025041,N/A,False
N/A,781653789,N/A,False
N/A,767000686,N/A,False
N/A,810309348,N/A,False
N/A,819763599,N/A,False
N/A,811582861,N/A,False
N/A,772473969,N/A,False
N/A,768290050,N/A,False
N/A,815720578,N/A,False
N/A,819246961,N/A,False
N/A,790620497,N/A,False
N/A,776579681,N/A,False
N/A,776054538,N/A,False
N/A,789565779,N/A,False
N/A,771869423,N/A,False
N/A,782273648,N/A,False
N/A,799273555,N/A,False
N/A,805746479,N/A,False
N/A,814849877,N/A,False
N/A,813442242,N/A,False
N/A,794749350,N/A,False
N/A,778101099,N/A,False
N/A,780756170,N/A,False
N/A,811107629,N/A,False
N/A,771727861,N/A,False
N/A,782299820,N/A,False
N/A,779489506,N/A,False
N/A,814231052,N/A,False
N/A,775836474,N/A,False
N/A,810612681,N/A,False
N/A,785939356,N/A,False
N/A,798048372,N/A,False
N/A,786682116,N/A,False
N/A,795973313,N/A,False
N/A,800766490,N/A,False
N/A,789238034,N/A,False
N/A,764051240,N/A,False
N/A,764527784,N/A,False
N/A,805123205,N/A,False
N/A,805594815,N/A,False
N/A,796776705,N/A,False
N/A,777633389,N/A,False
763794476,764483163,764483163,True
N/A,809682325,N/A,False
N/A,822657059,N/A,False
819840496,819882587,819882587,True
N/A,802722008,N/A,False
N/A,807058485,N/A,False
N/A,780729526,N/A,False
N/A,808683301,N/A,False
N/A,785544131,N/A,False
N/A,787057862,N/A,False
N/A,807175991,N/A,False
N/A,803262657,N/A,False
N/A,812311740,N/A,False
N/A,786902948,N/A,False
N/A,770165080,N/A,False
N/A,766712856,N/A,False
N/A,814213643,N/A,False
N/A,798697712,N/A,False
N/A,798379447,N/A,False
N/A,772900707,N/A,False
N/A,806840245,N/A,False
N/A,785993413,N/A,False
N/A,799778912,N/A,False
N/A,767744796,N/A,False
N/A,792300290,N/A,False
N/A,816733472,N/A,False
N/A,794973104,N/A,False
N/A,814099374,N/A,False
N/A,779434504,N/A,False
N/A,778486633,N/A,False
N/A,819818028,N/A,False
N/A,821354477,N/A,False
N/A,781458132,N/A,False
N/A,821165393,N/A,False
N/A,801410065,N/A,False
N/A,817529825,N/A,False
N/A,764449458,N/A,False
N/A,820609621,N/A,False
N/A,771049978,N/A,False
N/A,767145445,N/A,False
N/A,821877115,N/A,False
N/A,807680625,N/A,False
N/A,805411524,N/A,False
N/A,814391103,N/A,False
N/A,781357480,N/A,False
N/A,779864702,N/A,False
N/A,769370576,N/A,False
N/A,777374745,N/A,False
N/A,788009843,N/A,False
814280775,814315469,814315469,True
N/A,819111822,N/A,False
N/A,802438169,N/A,False
N/A,811486537,N/A,False
N/A,807032910,N/A,False
N/A,810048434,N/A,False
N/A,790158801,N/A,False
N/A,773114659,N/A,False
N/A,767210978,N/A,False
N/A,818034442,N/A,False
N/A,810505892,N/A,False
N/A,764293593,N/A,False
N/A,805486383,N/A,False
N/A,781752191,N/A,False
N/A,781700702,N/A,False
N/A,790421778,N/A,False
N/A,784075401,N/A,False
N/A,767807196,N/A,False
N/A,773493321,N/A,False
N/A,794589687,N/A,False
N/A,767168909,N/A,False
N/A,767456492,N/A,False
N/A,805522767,N/A,False
N/A,794874749,N/A,False
N/A,787212270,N/A,False
N/A,813523099,N/A,False
N/A,818320204,N/A,False
N/A,768370453,N/A,False
N/A,797278467,N/A,False
N/A,784534326,N/A,False
N/A,813491125,N/A,False
782637728,782637833,782637833,True
N/A,786896842,N/A,False
N/A,800395784,N/A,False
N/A,801807835,N/A,False
N/A,819417014,N/A,False
N/A,818195873,N/A,False
781586663,781586727,781586727,False
N/A,776409192,N/A,False
N/A,817292837,N/A,False
N/A,795649428,N/A,False
N/A,822414905,N/A,False
N/A,814520211,N/A,False
N/A,786365538,N/A,False
N/A,777166590,N/A,False
N/A,799673236,N/A,False
N/A,777299539,N/A,False
N/A,802351365,N/A,False
N/A,812424926,N/A,False
N/A,796102811,N/A,False
770806716,770958996,770958996,True
N/A,773646302,N/A,False
N/A,807702331,N/A,False
N/A,795897703,N/A,False
N/A,784865545,N/A,False
N/A,788458689,N/A,False
N/A,814389604,N/A,False
N/A,773381155,N/A,False
N/A,792295974,N/A,False
N/A,794868458,N/A,False
N/A,780254988,N/A,False
N/A,804134881,N/A,False
N/A,789541281,N/A,False
N/A,782998416,N/A,False
N/A,786616636,N/A,False
N/A,786901138,N/A,False
N/A,790260324,N/A,False
N/A,790549667,N/A,False
N/A,817395551,N/A,False
N/A,786756574,N/A,False
N/A,808171636,N/A,False
N/A,773076537,N/A,False
N/A,784617323,N/A,False
N/A,789629779,N/A,False
N/A,807923909,N/A,False
N/A,820951233,N/A,False
N/A,814643021,N/A,False
N/A,768390210,N/A,False
N/A,794783100,N/A,False
N/A,801275917,N/A,False
N/A,791038381,N/A,False
N/A,803314943,N/A,False
N/A,806384359,N/A,False
N/A,784402366,N/A,False
N/A,772644853,N/A,False
N/A,773408430,N/A,False
N/A,780980289,N/A,False
N/A,807142457,N/A,False
N/A,823038751,N/A,False
762586949,767653955,767653955,True
N/A,764983236,N/A,False
N/A,782450090,N/A,False
N/A,764933107,N/A,False
N/A,810478540,N/A,False
N/A,799259638,N/A,False
793317671,793402306,793402306,True
N/A,812454842,N/A,False
N/A,795941643,N/A,False
N/A,799952544,N/A,False
N/A,786266375,N/A,False
N/A,821228804,N/A,False
N/A,773483512,N/A,False
N/A,808292849,N/A,False
N/A,779958130,N/A,False
N/A,797825101,N/A,False
N/A,768573734,N/A,False
N/A,795194360,N/A,False
N/A,784897970,N/A,False
N/A,790360631,N/A,False
N/A,820322068,N/A,False
N/A,786960483,N/A,False
N/A,769548047,N/A,False
N/A,784379283,N/A,False
N/A,776402223,N/A,False
N/A,787554825,N/A,False
N/A,771719303,N/A,False
N/A,785422297,N/A,False
N/A,820470346,N/A,False
N/A,790922678,N/A,False
N/A,769068229,N/A,False
N/A,820295823,N/A,False
N/A,767415045,N/A,False
N/A,781027498,N/A,False
N/A,779053188,N/A,False
N/A,777514142,N/A,False
N/A,792895211,N/A,False
N/A,793660292,N/A,False
N/A,811618948,N/A,False
N/A,781786153,N/A,False
N/A,770842168,N/A,False
N/A,778292994,N/A,False
N/A,808901174,N/A,False
N/A,765605381,N/A,False
N/A,823360259,N/A,False
N/A,815665288,N/A,False
N/A,804360766,N/A,False
N/A,820550868,N/A,False
N/A,795118917,N/A,False
N/A,773347861,N/A,False
N/A,800618302,N/A,False
N/A,789675527,N/A,False
N/A,784756634,N/A,False
N/A,783906145,N/A,False
N/A,774489477,N/A,False
N/A,794074798,N/A,False
766108757,766307050,766307050,True
N/A,772337953,N/A,False
N/A,801784993,N/A,False
N/A,769296273,N/A,False
N/A,811840831,N/A,False
N/A,767972388,N/A,False
N/A,764307294,N/A,False
N/A,795987047,N/A,False
N/A,815454308,N/A,False
N/A,799627134,N/A,False
N/A,764922522,N/A,False
N/A,775211640,N/A,False
N/A,808395850,N/A,False
N/A,780857564,N/A,False
N/A,801105373,N/A,False
N/A,798625560,N/A,False
N/A,818903783,N/A,False
805720264,805720660,805720660,True
768863165,797526706,797526706,True
N/A,782310931,N/A,False
N/A,820123972,N/A,False
N/A,779435349,N/A,False
N/A,802519571,N/A,False
N/A,807798537,N/A,False
N/A,793306306,N/A,False
N/A,781048764,N/A,False
N/A,812512476,N/A,False
N/A,795710740,N/A,False
N/A,815520421,N/A,False
N/A,819967743,N/A,False
N/A,775454449,N/A,False
N/A,766111854,N/A,False
N/A,777502327,N/A,False
N/A,809432537,N/A,False
N/A,820671519,N/A,False
N/A,790542487,N/A,False
N/A,805800065,N/A,False
N/A,793033141,N/A,False
N/A,770599285,N/A,False
N/A,767074020,N/A,False
N/A,803011801,N/A,False
N/A,821653619,N/A,False
N/A,782636524,N/A,False
N/A,776642818,N/A,False
N/A,788251085,N/A,False
N/A,803532251,N/A,False
N/A,816206468,N/A,False
N/A,763818993,N/A,False
N/A,818412655,N/A,False
N/A,801041257,N/A,False
N/A,821353103,N/A,False
N/A,777950288,N/A,False
N/A,794766338,N/A,False
N/A,806011470,N/A,False
N/A,801626171,N/A,False
N/A,801061455,N/A,False
N/A,813030609,N/A,False
N/A,797942465,N/A,False
N/A,806671046,N/A,False
N/A,782889928,N/A,False
N/A,764135524,N/A,False
N/A,804527940,N/A,False
N/A,788116930,N/A,False
N/A,814115178,N/A,False
N/A,799438183,N/A,False
N/A,797806954,N/A,False
N/A,783010323,N/A,False
N/A,785846565,N/A,False
N/A,811316443,N/A,False
N/A,822948864,N/A,False
N/A,766420861,N/A,False
N/A,794980719,N/A,False
N/A,789702029,N/A,False
N/A,773280365,N/A,False
818355001,819318675,819318675,True
N/A,777761986,N/A,False
N/A,769403635,N/A,False
N/A,786593880,N/A,False
N/A,773336419,N/A,False
N/A,779334581,N/A,False
N/A,822264558,N/A,False
N/A,773916628,N/A,False
N/A,792177722,N/A,False
753613454,778282208,778282208,True
N/A,782847480,N/A,False
N/A,796929059,N/A,False
N/A,764013560,N/A,False
N/A,816725791,N/A,False
N/A,812207261,N/A,False
N/A,818733246,N/A,False
N/A,788227285,N/A,False
N/A,793341354,N/A,False
N/A,774758976,N/A,False
N/A,803666147,N/A,False
N/A,790188512,N/A,False
N/A,793572458,N/A,False
N/A,779876834,N/A,False
N/A,794610601,N/A,False
N/A,822102568,N/A,False
N/A,779087635,N/A,False
N/A,811102104,N/A,False
N/A,809276799,N/A,False
763536697,764005139,764005139,True
N/A,791418277,N/A,False
N/A,770987692,N/A,False
N/A,800993746,N/A,False
N/A,764394678,N/A,False
N/A,771140862,N/A,False
N/A,808234322,N/A,False
N/A,814345934,N/A,False
N/A,768755203,N/A,False
N/A,820909458,N/A,False
N/A,779358880,N/A,False
N/A,783013639,N/A,False
N/A,779075420,N/A,False
N/A,782727390,N/A,False
N/A,817299612,N/A,False
N/A,800314602,N/A,False
N/A,796151749,N/A,False
N/A,804364462,N/A,False
N/A,817267665,N/A,False
N/A,818303336,N/A,False
N/A,766088741,N/A,False
N/A,823048472,N/A,False
N/A,790283219,N/A,False
N/A,788759613,N/A,False
N/A,810261876,N/A,False
N/A,805923292,N/A,False
N/A,771476045,N/A,False
N/A,766899087,N/A,False
N/A,798563615,N/A,False
N/A,818917133,N/A,False
N/A,814396651,N/A,False
N/A,803097949,N/A,False
N/A,808476618,N/A,False
N/A,782256286,N/A,False
N/A,779073458,N/A,False
N/A,779014392,N/A,False
N/A,794596269,N/A,False
N/A,763452489,N/A,False
795641426,795936736,795936736,True
N/A,813391704,N/A,False
802640755,820674241,820674241,True
N/A,784319701,N/A,False
N/A,790284692,N/A,False
N/A,817159244,N/A,False
N/A,804632429,N/A,False
N/A,768465997,N/A,False
N/A,810671833,N/A,False
774196308,774197127,774197127,True
808589930,808630991,808630991,True
N/A,816000359,N/A,False
N/A,802248613,N/A,False
N/A,822321967,N/A,False
N/A,792025356,N/A,False
N/A,785637759,N/A,False
N/A,773152652,N/A,False
N/A,786846953,N/A,False
N/A,816450191,N/A,False
N/A,802873782,N/A,False
N/A,821881151,N/A,False
N/A,788265871,N/A,False
N/A,797039710,N/A,False
N/A,815768330,N/A,False
N/A,809085178,N/A,False
N/A,769233600,N/A,False
N/A,811809951,N/A,False
N/A,808510485,N/A,False
N/A,779757567,N/A,False
N/A,800175371,N/A,False
N/A,786474702,N/A,False
N/A,766028987,N/A,False
N/A,817265910,N/A,False
N/A,808136818,N/A,False
N/A,785188197,N/A,False
N/A,775980437,N/A,False
813385946,813386229,813386229,True
N/A,804242575,N/A,False
N/A,798497267,N/A,False
N/A,805892389,N/A,False
N/A,781292443,N/A,False
N/A,808746855,N/A,False
N/A,774896947,N/A,False
N/A,769951858,N/A,False
N/A,784620057,N/A,False
N/A,782524474,N/A,False
N/A,775212648,N/A,False
N/A,802069787,N/A,False
N/A,791913513,N/A,False
N/A,764436006,N/A,False
N/A,794791512,N/A,False
N/A,772159378,N/A,False
N/A,801072782,N/A,False
N/A,804692765,N/A,False
N/A,766362856,N/A,False
N/A,793210528,N/A,False
N/A,818693991,N/A,False
N/A,766388793,N/A,False
N/A,795398444,N/A,False
776020173,777735756,777735756,True
N/A,800332798,N/A,False
N/A,794263011,N/A,False
N/A,793683355,N/A,False
N/A,800419836,N/A,False
N/A,814738135,N/A,False
N/A,785384411,N/A,False
N/A,791840700,N/A,False
N/A,820074083,N/A,False
N/A,802887542,N/A,False
763546659,763548598,763548598,False
N/A,806182730,N/A,False
N/A,786154626,N/A,False
N/A,775138738,N/A,False
N/A,778757428,N/A,False
N/A,763897130,N/A,False
N/A,798042620,N/A,False
N/A,786993072,N/A,False
N/A,764551956,N/A,False
N/A,769310715,N/A,False
N/A,797738779,N/A,False
N/A,821096649,N/A,False
N/A,778761631,N/A,False
N/A,768856219,N/A,False
N/A,816329977,N/A,False
N/A,822530150,N/A,False
N/A,811530865,N/A,False
N/A,775045005,N/A,False
N/A,783718147,N/A,False
N/A,777356147,N/A,False
N/A,812336908,N/A,False
N/A,766523297,N/A,False
N/A,772237589,N/A,False
N/A,821752885,N/A,False
N/A,793266343,N/A,False
N/A,771723727,N/A,False
N/A,817847282,N/A,False
N/A,782698146,N/A,False
N/A,783755148,N/A,False
N/A,806211690,N/A,False
N/A,792965060,N/A,False
N/A,803889718,N/A,False
N/A,816518931,N/A,False
N/A,775621258,N/A,False
N/A,779566047,N/A,False
N/A,787662871,N/A,False
N/A,766754523,N/A,False
N/A,800458156,N/A,False
N/A,809785247,N/A,False
N/A,813467999,N/A,False
N/A,808941185,N/A,False
N/A,798711604,N/A,False
804346102,804463567,804463567,True
N/A,809586340,N/A,False
815326841,815327277,815327277,False
N/A,769739920,N/A,False
N/A,804710290,N/A,False
N/A,789209709,N/A,False
N/A,821898971,N/A,False
N/A,781629219,N/A,False
N/A,797162580,N/A,False
N/A,799690927,N/A,False
N/A,815517913,N/A,False
N/A,816891532,N/A,False
767340554,773687731,773687731,True
N/A,768037274,N/A,False
N/A,763575730,N/A,False
N/A,808251590,N/A,False
N/A,785398293,N/A,False
N/A,819918590,N/A,False
N/A,798310361,N/A,False
N/A,780957856,N/A,False
N/A,802727700,N/A,False
N/A,764966616,N/A,False
N/A,782350612,N/A,False
N/A,790958798,N/A,False
N/A,780128356,N/A,False
N/A,779939323,N/A,False
N/A,765931719,N/A,False
N/A,818339576,N/A,False
N/A,819430643,N/A,False
N/A,790036136,N/A,False
N/A,768190219,N/A,False
778989357,779019080,779019080,True
N/A,764798622,N/A,False
N/A,818771054,N/A,False
N/A,792831410,N/A,False
N/A,783717220,N/A,False
820573201,820575075,820575075,True
N/A,790994646,N/A,False
N/A,781886308,N/A,False
N/A,783900286,N/A,False
N/A,766237281,N/A,False
N/A,816340813,N/A,False
N/A,772237399,N/A,False
N/A,822259483,N/A,False
N/A,820234166,N/A,False
N/A,794315666,N/A,False
N/A,766065100,N/A,False
N/A,797169819,N/A,False
N/A,818986302,N/A,False
N/A,785992040,N/A,False
N/A,817980827,N/A,False
N/A,820374626,N/A,False
N/A,776805156,N/A,False
N/A,816825013,N/A,False
N/A,802727494,N/A,False
N/A,787767276,N/A,False
N/A,802372137,N/A,False
N/A,790508851,N/A,False
N/A,795653557,N/A,False
N/A,783782927,N/A,False
N/A,781039868,N/A,False
N/A,802204359,N/A,False
N/A,816688126,N/A,False
N/A,804919006,N/A,False
N/A,822005276,N/A,False
N/A,792948348,N/A,False
N/A,778874817,N/A,False
N/A,774014643,N/A,False
N/A,805420102,N/A,False
N/A,807680937,N/A,False
821269532,822459636,822459636,True
N/A,812861251,N/A,False
N/A,805883888,N/A,False
N/A,775566742,N/A,False
N/A,796858301,N/A,False
N/A,817500217,N/A,False
779681889,779754628,779754628,True
N/A,797898302,N/A,False
N/A,783836015,N/A,False
N/A,798379630,N/A,False
N/A,769134668,N/A,False
N/A,781932071,N/A,False
N/A,804638939,N/A,False
N/A,817311713,N/A,False
N/A,804444186,N/A,False
N/A,778744946,N/A,False
N/A,765787763,N/A,False
N/A,817005715,N/A,False
N/A,796457002,N/A,False
N/A,767071410,N/A,False
N/A,765069096,N/A,False
N/A,781100235,N/A,False
N/A,766729884,N/A,False
N/A,794311473,N/A,False
N/A,818369682,N/A,False
800376744,811660565,811660565,True
N/A,782488228,N/A,False
N/A,817436187,N/A,False
N/A,806323039,N/A,False
N/A,821004165,N/A,False
N/A,792599355,N/A,False
N/A,782310338,N/A,False
N/A,795833529,N/A,False
N/A,797068350,N/A,False
N/A,784331610,N/A,False
N/A,800756621,N/A,False
N/A,783763171,N/A,False
N/A,812159870,N/A,False
N/A,769750531,N/A,False
N/A,800189029,N/A,False
N/A,780623442,N/A,False
642180854,800935369,800935369,True
N/A,767863670,N/A,False
N/A,778845450,N/A,False
N/A,818583201,N/A,False
N/A,778946429,N/A,False
N/A,769901138,N/A,False
N/A,814443325,N/A,False
N/A,771826518,N/A,False
N/A,791591299,N/A,False
N/A,770780967,N/A,False
N/A,784547773,N/A,False
N/A,806176173,N/A,False
N/A,822619100,N/A,False
N/A,806548074,N/A,False
N/A,770777135,N/A,False
N/A,823389763,N/A,False
N/A,787633886,N/A,False
N/A,812203875,N/A,False
N/A,790294639,N/A,False
N/A,814835144,N/A,False
N/A,782672830,N/A,False
N/A,783434066,N/A,False
N/A,813245138,N/A,False
N/A,767255643,N/A,False
N/A,806167815,N/A,False
N/A,764293530,N/A,False
N/A,766675477,N/A,False
N/A,804385296,N/A,False
N/A,793399925,N/A,False
N/A,808629609,N/A,False
N/A,806270517,N/A,False
N/A,775982494,N/A,False
N/A,803043152,N/A,False
N/A,781049121,N/A,False
N/A,814085016,N/A,False
N/A,821381940,N/A,False
N/A,766101537,N/A,False
N/A,788026587,N/A,False
N/A,799665665,N/A,False
N/A,787483437,N/A,False
N/A,800320481,N/A,False
772028954,772030234,772030234,True
N/A,777844375,N/A,False
N/A,769937227,N/A,False
N/A,776036063,N/A,False
N/A,790946178,N/A,False
N/A,776332138,N/A,False
N/A,763179552,N/A,False
N/A,803388196,N/A,False
N/A,775009132,N/A,False
N/A,768535153,N/A,False
N/A,812282674,N/A,False
N/A,809267111,N/A,False
N/A,792426306,N/A,False
N/A,790296651,N/A,False
N/A,820966286,N/A,False
N/A,796850923,N/A,False
N/A,783356466,N/A,False
N/A,776657056,N/A,False
N/A,791469689,N/A,False
N/A,803042908,N/A,False
N/A,772160312,N/A,False
N/A,789269618,N/A,False
N/A,815445873,N/A,False
N/A,779845537,N/A,False
N/A,769810615,N/A,False
N/A,763995574,N/A,False
N/A,776041455,N/A,False
N/A,822317650,N/A,False
N/A,782903436,N/A,False
807255081,807256258,807256258,True
N/A,822399497,N/A,False
N/A,813317442,N/A,False
N/A,816795026,N/A,False
N/A,786160447,N/A,False
N/A,766345283,N/A,False
768662678,768668495,768668495,True
N/A,803984691,N/A,False
N/A,789747654,N/A,False
N/A,775948454,N/A,False
N/A,821254866,N/A,False
N/A,813721460,N/A,False
N/A,801566935,N/A,False
N/A,795335063,N/A,False
N/A,790946671,N/A,False
N/A,768114630,N/A,False
N/A,819943925,N/A,False
N/A,797308070,N/A,False
N/A,788897837,N/A,False
N/A,781674857,N/A,False
N/A,778547163,N/A,False
N/A,793746258,N/A,False
778297716,782252070,782252070,False
N/A,801823300,N/A,False
N/A,787385426,N/A,False
N/A,780656140,N/A,False
N/A,768505013,N/A,False
N/A,769076578,N/A,False
N/A,765355111,N/A,False
N/A,780588090,N/A,False
N/A,811640227,N/A,False
N/A,768604773,N/A,False
N/A,818337108,N/A,False
765801362,779266519,779266519,True
N/A,780973027,N/A,False
N/A,789120620,N/A,False
N/A,769956969,N/A,False
796377468,796471211,796471211,False
N/A,785050502,N/A,False
N/A,817297424,N/A,False
764004322,764042594,764042594,True
N/A,770871226,N/A,False
N/A,764069399,N/A,False
N/A,765860392,N/A,False
N/A,797817744,N/A,False
N/A,774527831,N/A,False
N/A,778643903,N/A,False
N/A,765004606,N/A,False
N/A,783282719,N/A,False
N/A,763520435,N/A,False
N/A,796438321,N/A,False
N/A,814088577,N/A,False
N/A,774583703,N/A,False
